440	宙斯塔入口：向上楼梯旁，雕像手中
441	宙斯塔浴室：架子上
442	奥丁塔入口：左下角的盾牌架上
443	奥丁塔大锅房：靠着木柱
444	丹努隧道的金属杆
445	奥丁隧道的金属杆
446	诅咒房间的金属杆
447	坍塌隧道的金属杆
448	丹努隧道
449	地下墓穴
450	最终战第二阶段
451	第二阶段：护甲被打掉后的状态
452	结局过场动画
453	哨兵神器
454	强化机基座
455	元素符号对照
456	符号：通往 Vapr-XKG 墙买房间的楼梯下方
457	时钟：船长舵轮前方墙上
458	符号：面向船长舵轮，房间后方右侧桌子下
459	时钟：楼梯顶端墙上
460	符号：面向时钟，房间后方右侧门框上方
461	符号：神秘箱左侧那面墙的右边
462	时钟：面向悬挂尸体时，其右侧墙上
463	符号：面向悬挂尸体时，其右侧柜子上
464	时钟：木楼梯对面墙上
465	符号：木楼梯底部的一些行李后方
466	餐厅：拉神饮料雕像左侧，其中一面白墙后
467	后甲板：神秘箱位置正对面的窗口内
468	传送符号
469	储粮室（Provisions）
470	客舱（State Rooms）
471	罗盘：救生艇甲板（Boat Deck）
472	地球仪：中部甲板（Mid Deck）
473	钳子：后甲板（Aft Decks）
474	蓝色管道
475	强化后的哨兵神器
476	鲍伊猎刀墙买前方房间：角落的桌子上
477	面向鲍伊猎刀墙买：前方房间左前角的桌子上
478	两处火焰附近的台面上
479	两扇窗旁时钟左侧的架子上
480	面向强化机基座：右侧墙边的木箱上
481	房间中央的木箱上
482	金星符号：百万富翁套房，床右侧桌子下
483	天王星符号：客舱浴室内，绿色植物后方
484	海王星符号：后甲板，救生艇附近地上的救生圈内
485	火星符号：锅炉房，步道上的管道下方
486	太阳系模型
487	第二座冰山
488	冰山近道
489	召唤恶意之眼
490	最终战第一阶段
491	最终战第二阶段
492	最终战第三阶段
493	最终战第四阶段
494	最终战第五阶段
495	结局过场动画
496	典狱长钥匙
497	时代广场的灵魂精华
498	中国巷：可修复的窗户障碍旁
499	调谐后的幽灵盾牌
500	典狱长密室
501	典狱长仪式室
502	地狱救赎者飞斧（Hell's Retriever）
503	取得勺子所需的数字
504	勺子
505	猴子炸弹雕像
506	猴子炸弹
507	地图位置示意
508	海鸥
509	鸟的飞行轨迹：通往最右侧
510	最后一只鸟
511	古书里的数字
512	摩斯电码
513	上层缆车平台：从平台向外看
514	活动场：在剑鱼步枪墙买附近向场外看
515	摩斯电码装置
516	医务室灵魂
517	64号楼发电机
518	穿孔卡
519	完全变红的灵魂
520	蓝色圆圈
521	钝击者霰弹枪（Blundergat）
522	存放灵魂精华
523	活动场：到达空中步道之前
524	西部空地：走过空中步道后紧邻左侧
525	岩浆钝击者制作机器（Magmagat）
526	召唤之钥
527	完整地图
528	首领战第一阶段
529	首领战第一阶段结束
530	首领战第二阶段
531	结局过场动画
532	哨兵神器
533	东阳台：Saug 9mm 墙买左侧的栏杆旁
534	西阳台：RK7-Garrison 墙买右侧的远端墙边
535	蓝色圆圈
536	时钟挑战的音叉
537	护送挑战的音叉
538	茶室：悲伤女仆画像
539	吸血鬼挑战的音叉
540	西走廊：小桌附近地面
541	转轮控制面板
542	黄道十二宫符号
543	双开门右侧柱子上
544	后方红墙上
545	餐桌上
546	MX9 墙买前方酒架的右下部分
547	工作台右侧窗口障碍附近：其中一个桶上
548	工作台对面：没有蜡烛照明的酒架柜门上
549	通往西走廊楼梯左侧：其中一个大桶上
550	饮料雕像左侧的桌子下方
551	饮料雕像右侧：另一座雕像的盾牌上
552	面向饮料雕像：房间右侧双柱结构的左面
553	进门后紧邻左侧画像的右边墙面
554	台球桌附近：棋桌下方
555	落地钟左侧柜子的左上角上方
556	木书架左侧的墙上
557	奇迹武器保险柜左侧：破柜子内
558	工作台后方：骷髅脚边
559	黄道符号柜左侧窗障的右上角
560	黄道符号柜前方木箱的侧面
561	黄道符号转盘
562	金色转轮
563	望远镜光束
564	望远镜阶段的石板
565	没有树叶的树
566	死亡日期为1912年的墓碑
567	人形草偶
568	草偶阶段的石板
569	蓝色火焰
570	彩色宝石符号
571	幽灵骑士三角阵
572	骑士阶段的石板
573	森林露台：鲍伊猎刀左侧的庄园墙上
574	阿利斯泰尔的愚行保险柜
575	混沌理论阶段的书架
576	实验室机器
577	混沌理论武器（Chaos Theory）
578	胆汁
579	吸血鬼墓穴
580	灯笼光色对照：右边是带橙色光的灯笼
581	蝙蝠掉落的混沌材料
582	蘑菇挖掘点
583	实验室机器
584	阿利斯泰尔的歼灭者（Alistair's Annihilator）
585	绿色方框
586	被击晕的首领
587	结局过场动画
588	哨兵神器
589	天马释放的闪电
590	宝库交汇处：基座上
591	雅典人柱廊：基座上
592	骑乘天马的圆圈
593	巨蟒通道的鹰笼
594	蓝色永恒之火
595	上层道路（Upper Road）
596	宝库交汇处（Intersection of Treasuries）
597	雅典人柱廊：两根红柱附近，靠着白色柱子
598	宝库交汇处：从雅典人柱廊进入后，小路左侧的石头间
599	宝库交汇处：Auger DMR 墙买对面的雕像底部
600	盾牌主体
601	蓝眼睛雕像
602	悬崖废墟：鹰笼左侧地面
603	巨蟒通道：Titan 墙买左侧地面
604	悬崖废墟：蓝色锻炉左侧地面
605	巨蟒通道：卡戎祭坛左侧火碗下方地面
606	雅典人柱廊：铜锣附近的喷泉边缘
607	悬崖废墟：蓝色锻炉右侧桌子上
608	宝库交汇处：一片紫花附近地面
609	巨蟒通道：陷阱碗右侧的红色水晶上
610	进入宝库交汇处时，红色水晶上
611	雅典人柱廊：装满金子的船旁木箱上
612	卡戎祭坛（Charon Shrine）
613	卡戎传送门
614	宝库交汇处：Welling 墙买右侧
615	宝库交汇处：Auger DMR 墙买左侧
616	最后一个齿轮
617	丹努符号
618	第一组丹努符号
619	第二组丹努符号
620	卡在水晶中的物品
621	金色长杆
622	盖娅祭坛（Gaia Shrine）
623	已启动的日晷
624	蓝色符号刻盘
625	已完成的日晷
626	拉神抬起左手的状态
627	拉神光束
628	拉神权杖（Scepter of Ra）
629	赫墨拉祭坛（Hemera Shrine）
630	体育馆浴室：地图外，某个陷阱启动碗左侧的柱子上
631	用赫墨拉之手射击后的碗
632	赫墨拉传送门
633	命中标记挑战
634	门的顺序
635	天马攻击召唤圆圈
636	净化中央区域
637	左侧楼梯前方的岩石上
638	Spitfire 墙买右侧的岩石上
639	奥丁饮料雕像右侧的火碗内
640	卡戎祭坛前方：靠着骨头
641	上一个位置正对面的墙边
642	Titan 墙买之前：悬挂鹰笼附近的岩石旁
643	神秘箱位置正对面：断柱底部
644	进入锻炉房时，岩石上
645	鹰笼正对面的岩石上
646	天马攻击制作台
647	乌拉诺斯祭坛（Ouranos Shrine）
648	飘浮的羽毛
649	巨蟒通道（Python Pass）
650	悬崖废墟（Cliff Ruins）
651	乌拉诺斯传送门
652	倒下的天马
653	跪下的珀尔修斯
654	结局过场动画
